2f731e,2024-11-01 13:20:48,OPEN,,
c9fd20,2024-11-01 13:21:00,DOWN,animal,
dcc3d3,2024-11-01 13:21:04,DOWN,fusca,
ea9f67,2024-11-01 13:25:25,TEST,animal,COMP
80d171,2024-11-01 13:31:28,TEST,animal,COMP
9cb5a1,2024-11-01 13:34:16,TEST,animal,0
78cf04,2024-11-01 13:37:07,TEST,animal,COMP
675513,2024-11-01 13:38:17,TEST,animal,COMP
929af2,2024-11-01 13:38:41,TEST,animal,COMP
fb9964,2024-11-01 13:39:21,TEST,animal,25
f74cd2,2024-11-01 13:40:51,OPEN,,
15d18c,2024-11-01 13:41:27,TEST,animal,25
33de8c,2024-11-01 13:41:45,TEST,animal,25
955435,2024-11-01 13:42:03,TEST,animal,25
7b716a,2024-11-01 13:42:32,TEST,animal,25
8931a2,2024-11-01 13:44:37,TEST,animal,50
01f854,2024-11-01 13:45:00,TEST,animal,100
ce3ead,2024-11-01 13:49:40,OPEN,,
192ea2,2024-11-01 13:49:53,TEST,animal,100
2e8cb6,2024-11-01 13:52:19,QUIT,,
5e3381,2024-11-05 19:19:57,OPEN,,
c940d4,2024-11-05 19:20:14,QUIT,,
905118,2024-11-05 19:20:23,OPEN,,
170fcf,2024-11-05 19:21:30,DOWN,carro,
04d36d,2024-11-05 19:21:38,TEST,,100
933bd4,2024-11-05 19:24:10,DOWN,cpp_intro,
64ff93,2024-11-05 19:35:18,QUIT,,
81c216,2024-11-07 04:15:20,OPEN,,
905138,2024-11-07 04:15:47,TEST,,100
f70d88,2024-11-07 04:16:39,QUIT,,
e12d65,2024-11-07 04:16:42,OPEN,,
a4ce47,2024-11-07 04:41:15,TEST,,0
623403,2024-11-07 04:42:20,TEST,,0
8fc4e1,2024-11-07 04:44:42,TEST,,0
4f4008,2024-11-07 04:45:37,TEST,,60
9b5ec7,2024-11-07 04:46:18,TEST,,60
fe9ba4,2024-11-07 04:47:38,TEST,,80
14b6ea,2024-11-07 04:48:42,TEST,,80
708b48,2024-11-07 04:49:45,TEST,,100
7db8b1,2024-11-07 04:50:15,SELF,carro,1
cae103,2024-11-07 04:50:30,SELF,fusca,0
719e63,2024-11-07 04:50:36,SELF,carro,3
0f1f64,2024-11-07 04:51:53,SELF,animal,10
d1a517,2024-11-07 04:52:17,TEST,,100
765df2,2024-11-07 04:52:25,QUIT,,
3ea4fe,2024-11-08 22:32:38,OPEN,,
39e149,2024-11-08 22:33:49,DOWN,calculadora,
f630b9,2024-11-08 22:33:55,TEST,,100
b7ea98,2024-11-08 22:58:24,TEST,,0
b33bed,2024-11-08 22:59:37,PROG,animal,100
b0fef3,2024-11-08 22:59:41,PROG,carro,100
1281cc,2024-11-08 22:59:46,PROG,fusca,10
7f98ec,2024-11-08 22:59:53,QUIT,,
701cbe,2024-11-10 01:33:49,OPEN,,
310fd4,2024-11-10 01:33:55,QUIT,,
afda63,2024-11-10 19:53:20,OPEN,,
405b37,2024-11-10 19:53:32,TEST,,100
c4f873,2024-11-10 19:55:46,TEST,,0
78f198,2024-11-10 19:56:17,TEST,,0
4d0485,2024-11-17 17:34:57,OPEN,,
596e7f,2024-11-17 17:57:53,TEST,,0
d14553,2024-11-17 17:59:14,TEST,,0
09fbee,2024-11-17 17:59:40,TEST,,0
97cbad,2024-11-17 18:00:15,TEST,,0
da7624,2024-11-17 18:00:28,TEST,,0
6b7449,2024-11-17 18:02:12,TEST,,81
4f1efe,2024-11-17 18:02:56,TEST,,90
07bb86,2024-11-17 18:07:24,TEST,,0
02ea1d,2024-11-17 18:08:40,TEST,,0
6462e4,2024-11-17 18:09:10,TEST,,0
ceb637,2024-11-17 18:09:19,OPEN,,
e8d138,2024-11-17 18:09:22,TEST,,0
a78ed0,2024-11-17 18:10:49,TEST,,0
2e5650,2024-11-17 18:11:00,TEST,,0
a18e91,2024-11-17 18:13:22,TEST,,90
6307b0,2024-11-17 18:14:43,TEST,,90
0561fb,2024-11-17 18:16:37,TEST,,100
492849,2024-11-17 18:17:11,SELF,calculadora,6
e1c918,2024-11-17 18:18:14,QUIT,,
76583c,2024-11-21 08:10:19,OPEN,,
08bed9,2024-11-21 08:38:11,OPEN,,
b47e28,2024-11-21 08:42:58,OPEN,,
0b950e,2024-11-21 08:43:01,DOWN,relogio,
ac3b70,2024-11-21 08:43:33,DOWN,grafite,
b18b86,2024-11-21 08:43:37,DOWN,motoca,
31b6ad,2024-11-21 08:44:59,OPEN,,
b4ccff,2024-11-21 08:45:01,DOWN,tamagotchi,
ddae85,2024-11-22 08:23:49,OPEN,,
9f51ee,2024-11-22 08:24:15,TEST,,100
0a123e,2024-11-22 08:24:25,PROG,relogio,10
bc176a,2024-11-22 08:24:26,PROG,grafite,10
58dbb1,2024-11-22 08:24:27,PROG,motoca,10
07f0f1,2024-11-22 08:24:34,QUIT,,
a8a763,2024-11-26 09:55:20,OPEN,,
85fdb5,2024-11-26 10:00:08,TEST,,0
029acd,2024-11-26 10:02:17,TEST,,COMP
5f9e03,2024-11-26 10:02:30,TEST,,COMP
5b8576,2024-11-26 10:03:07,TEST,,COMP
5b231f,2024-11-26 10:03:41,TEST,,100
1713ca,2024-11-26 10:07:30,TEST,,100
fc4957,2024-11-26 10:09:23,TEST,,0
775c40,2024-11-26 10:09:39,TEST,,0
5c9b78,2024-11-26 10:10:02,TEST,,46
fa0c0f,2024-11-26 10:11:04,TEST,,100
3a381b,2024-11-26 10:11:30,TEST,,100
cd8d4c,2024-11-26 10:14:33,TEST,,100
42274c,2024-11-26 10:15:01,TEST,,100
f6b74d,2024-11-26 10:15:02,TEST,,100
51b14d,2024-11-26 10:15:20,TEST,,100
9cf939,2024-11-26 10:15:21,TEST,,100
d4a395,2024-11-26 10:42:35,TEST,,COMP
ab8283,2024-11-26 10:43:36,TEST,,100
0c6017,2024-11-28 08:33:33,OPEN,,
91d7de,2024-11-28 08:33:36,TEST,,100
9acada,2024-11-28 08:36:30,TEST,,100
a5ccf7,2024-11-28 09:06:49,QUIT,,
0d0625,2024-11-29 13:35:00,OPEN,,
c704d5,2024-11-29 13:35:06,TEST,,100
2c14f7,2024-11-29 13:35:11,QUIT,,
2b3179,2024-12-06 09:43:07,OPEN,,
ebe172,2024-12-06 09:43:36,TEST,,100
02b7e2,2024-12-06 09:43:37,TEST,,100
f177b6,2024-12-06 09:43:57,TEST,,0
692e09,2024-12-06 09:43:59,TEST,,0
799ddc,2024-12-06 09:44:07,DOWN,motouber,
8e6ce6,2024-12-06 09:44:12,DOWN,notebook,
2664fd,2024-12-06 11:57:08,OPEN,,
4325e2,2024-12-06 11:57:47,TEST,,COMP
88a602,2024-12-06 12:08:16,QUIT,,
1ba503,2024-12-12 08:14:40,OPEN,,
a21ce9,2024-12-12 08:20:17,QUIT,,
b715c1,2024-12-12 08:21:07,OPEN,,
890ea0,2024-12-12 08:21:32,QUIT,,
eb5362,2024-12-12 08:22:48,OPEN,,
fbde0f,2024-12-12 08:23:00,DOWN,charger,
5d83b7,2024-12-12 08:23:39,QUIT,,
4e5273,2024-12-12 10:16:15,OPEN,,
852231,2024-12-12 10:16:22,TEST,,0
817856,2024-12-12 10:30:25,TEST,,80
df29a6,2024-12-12 10:46:35,TEST,,35
ab89b8,2024-12-12 10:47:49,TEST,,55
76d52d,2024-12-12 10:59:28,TEST,,100
08fb99,2024-12-12 11:25:50,TEST,,100
f7bdc5,2024-12-12 11:37:53,TEST,,95
b3d413,2024-12-12 11:45:15,TEST,,95
65c838,2024-12-12 11:49:22,TEST,,95
8efa32,2024-12-12 11:53:02,TEST,,95
de4604,2024-12-12 11:54:15,TEST,,95
e13472,2024-12-12 11:55:18,TEST,,100
f78cfb,2024-12-12 12:00:38,TEST,,COMP
7b8e7e,2024-12-12 12:02:58,TEST,,COMP
64417d,2024-12-12 12:03:06,TEST,,COMP
59d176,2024-12-12 12:04:50,TEST,,0
70e54f,2024-12-13 14:36:26,OPEN,,
ddc3b7,2024-12-13 14:36:42,TEST,animal,100
350e5e,2024-12-13 14:36:43,TEST,animal,100
059500,2024-12-13 14:37:08,SELF,animal,044
ec0b3a,2024-12-13 14:37:08,PROG,animal,100
1f4715,2024-12-13 14:37:10,DOWN,toalha,
63f08d,2024-12-13 14:37:15,TEST,carro,100
f81db2,2024-12-13 14:37:16,TEST,carro,100
c2bcd3,2024-12-13 14:37:29,SELF,carro,045
38e367,2024-12-13 14:37:29,PROG,carro,100
e5117e,2024-12-13 14:37:31,TEST,calculadora,100
6ff195,2024-12-13 14:37:33,TEST,calculadora,100
70108f,2024-12-13 14:37:42,SELF,calculadora,045
b3de93,2024-12-13 14:37:42,PROG,calculadora,100
5a8d00,2024-12-13 14:37:44,DOWN,enxugar,
a093e0,2024-12-13 14:37:50,TEST,relogio,100
9caa99,2024-12-13 14:37:52,TEST,relogio,100
15a56b,2024-12-13 14:37:55,TEST,relogio,100
a9e8ee,2024-12-13 14:38:10,SELF,relogio,035
f77636,2024-12-13 14:38:10,PROG,relogio,100
c75754,2024-12-13 14:38:19,TEST,motoca,100
b4e8c8,2024-12-13 14:38:21,TEST,motoca,100
5e2604,2024-12-13 14:38:45,SELF,motoca,013
bb0718,2024-12-13 14:38:45,PROG,motoca,90
c6f7f0,2024-12-13 14:38:59,TEST,charger,0
562816,2024-12-13 14:39:32,QUIT,,
905290,2025-01-02 16:14:58,OPEN,,
824658,2025-01-02 16:15:03,TEST,animal,100
d3c0dc,2025-01-02 16:15:05,TEST,animal,100
aedf02,2025-01-02 16:15:26,TEST,motoca,100
6c9c24,2025-01-02 16:15:45,SELF,motoca,023
657bc1,2025-01-02 16:15:45,PROG,motoca,100
ae3efa,2025-01-02 16:16:32,DOWN,roupa,
df2ca7,2025-01-02 16:16:35,TEST,roupa,0
bb6973,2025-01-02 16:24:09,OPEN,,
a2d7a3,2025-01-02 16:24:10,TEST,roupa,COMP
08d9cc,2025-01-02 16:25:19,TEST,roupa,COMP
7b5d9a,2025-01-02 16:25:22,TEST,roupa,COMP
1909e7,2025-01-02 16:25:29,TEST,roupa,COMP
7c4a39,2025-01-02 16:25:36,TEST,roupa,COMP
235ccd,2025-01-02 16:25:43,TEST,roupa,0
db74d0,2025-01-02 16:27:26,TEST,roupa,0
f5db4c,2025-01-02 16:28:01,TEST,roupa,COMP
e79fe9,2025-01-02 16:28:14,TEST,roupa,0
db95af,2025-01-02 16:28:33,TEST,roupa,0
783d25,2025-01-02 16:28:53,TEST,roupa,0
6ac980,2025-01-02 16:29:11,TEST,roupa,0
8b0bd7,2025-01-02 16:29:42,TEST,roupa,COMP
c911b4,2025-01-02 16:29:57,TEST,roupa,0
211239,2025-01-02 16:30:09,TEST,roupa,100
6ae61b,2025-01-02 16:30:57,SELF,roupa,055
ab447d,2025-01-02 16:30:57,PROG,roupa,100
658e77,2025-01-02 16:31:01,QUIT,,
04141a,2025-01-02 16:31:22,OPEN,,
edab6e,2025-01-02 16:31:24,TEST,roupa,100
8d5884,2025-01-02 16:31:26,QUIT,,
162e24,2025-01-03 18:13:40,OPEN,,
5cd767,2025-01-03 18:14:01,TEST,motoca,100
a4f590,2025-01-03 18:14:28,TEST,grafite,0
bbe4db,2025-01-09 22:12:30,OPEN,,
5fc532,2025-01-09 22:13:59,TEST,grafite,0
3ee7df,2025-01-09 22:14:53,TEST,grafite,0
b1561d,2025-01-09 23:13:40,TEST,grafite,COMP
1d77f4,2025-01-09 23:15:28,TEST,grafite,COMP
1489c4,2025-01-09 23:17:03,TEST,grafite,COMP
d439ec,2025-01-09 23:22:16,TEST,grafite,COMP
66c073,2025-01-09 23:23:28,TEST,grafite,COMP
9d4855,2025-01-09 23:24:02,TEST,grafite,COMP
379bf7,2025-01-09 23:24:38,TEST,grafite,COMP
c31899,2025-01-09 23:25:57,OPEN,,
a95c7b,2025-01-09 23:26:00,TEST,grafite,COMP
36f65d,2025-01-09 23:26:54,TEST,grafite,COMP
85f217,2025-01-09 23:27:24,TEST,grafite,COMP
bb87fd,2025-01-09 23:28:30,TEST,grafite,COMP
9dc167,2025-01-09 23:29:11,TEST,grafite,COMP
f214c1,2025-01-09 23:30:05,TEST,grafite,COMP
473b4a,2025-01-09 23:30:39,TEST,grafite,COMP
1c8679,2025-01-09 23:31:47,TEST,grafite,COMP
bf140c,2025-01-09 23:32:24,TEST,grafite,COMP
e1932b,2025-01-09 23:32:52,TEST,grafite,COMP
36dff1,2025-01-09 23:33:41,TEST,grafite,COMP
adb121,2025-01-09 23:34:56,TEST,grafite,0
fe5005,2025-01-09 23:35:33,TEST,grafite,0
900642,2025-01-09 23:35:56,OPEN,,
1ee55f,2025-01-09 23:35:58,TEST,grafite,0
f095cf,2025-01-09 23:36:09,TEST,grafite,0
3aafdc,2025-01-09 23:36:43,TEST,grafite,0
097747,2025-01-09 23:37:34,TEST,grafite,0
6a9672,2025-01-09 23:37:48,TEST,grafite,0
8487bc,2025-01-09 23:38:03,TEST,grafite,0
efbb82,2025-01-09 23:38:20,TEST,grafite,10
395b2a,2025-01-09 23:41:30,TEST,grafite,10
2a4cd9,2025-01-09 23:41:59,TEST,grafite,10
05fe15,2025-01-09 23:42:28,TEST,grafite,30
089bee,2025-01-09 23:42:46,TEST,grafite,30
3b6180,2025-01-09 23:42:55,TEST,grafite,40
9823cb,2025-01-09 23:43:16,TEST,grafite,60
4a9e28,2025-01-09 23:43:40,TEST,grafite,60
1e1105,2025-01-09 23:44:51,TEST,grafite,70
449f38,2025-01-10 00:02:17,TEST,grafite,90
c0b3b6,2025-01-10 00:06:30,TEST,grafite,100
659ea6,2025-01-10 00:06:42,TEST,grafite,100
1ad51f,2025-01-10 00:06:53,SELF,grafite,045
bc1158,2025-01-10 00:06:53,PROG,grafite,100
85082d,2025-01-10 00:07:19,QUIT,,
7df9ca,2025-01-10 00:08:52,OPEN,,
02f890,2025-01-10 00:08:56,TEST,motoca,100
71f2a3,2025-01-10 00:08:57,TEST,motoca,100
cd51a1,2025-01-15 23:08:56,OPEN,,
03ad0f,2025-01-15 23:21:21,TEST,motouber,0
6a6cac,2025-01-15 23:25:33,TEST,motouber,0
68fd4d,2025-01-15 23:49:17,TEST,motouber,0
3ac41e,2025-01-15 23:49:53,TEST,motouber,0
4917f5,2025-01-15 23:51:00,OPEN,,
87c7bb,2025-01-15 23:51:03,TEST,motouber,0
edd39d,2025-01-15 23:54:22,TEST,motouber,0
f3082b,2025-01-15 23:55:04,TEST,motouber,0
191acd,2025-01-15 23:55:26,TEST,motouber,0
55e159,2025-01-15 23:55:45,TEST,motouber,25
3f9b8a,2025-01-15 23:56:46,TEST,motouber,25
497ed1,2025-01-16 00:23:02,TEST,motouber,50
d29576,2025-01-16 00:25:00,TEST,motouber,50
7dac25,2025-01-16 00:27:54,TEST,motouber,50
b35151,2025-01-16 00:28:44,TEST,motouber,50
1d0cda,2025-01-16 00:32:04,TEST,motouber,62
06cef6,2025-01-16 00:32:30,TEST,motouber,75
427018,2025-01-16 00:51:42,TEST,motouber,75
bd9881,2025-01-16 00:52:20,TEST,motouber,75
75dba1,2025-01-16 00:53:38,TEST,motouber,75
b1ce0a,2025-01-16 00:55:58,TEST,motouber,COMP
c76be8,2025-01-16 00:56:19,TEST,motouber,COMP
c5d167,2025-01-16 01:00:11,TEST,motouber,COMP
102035,2025-01-16 01:00:32,TEST,motouber,COMP
bf58f9,2025-01-16 01:01:05,TEST,motouber,COMP
83aa0b,2025-01-16 01:03:59,TEST,motouber,75
b94c74,2025-01-16 01:04:19,TEST,motouber,75
98e8cc,2025-01-16 01:06:50,TEST,motouber,75
e613f4,2025-01-16 01:07:17,TEST,motouber,75
0bd976,2025-01-16 01:07:33,TEST,motouber,75
6d586d,2025-01-16 01:07:48,TEST,motouber,75
2c8222,2025-01-16 01:09:58,TEST,motouber,75
9dd0a9,2025-01-16 01:14:11,TEST,motouber,COMP
70b650,2025-01-16 01:14:48,TEST,motouber,75
a9bab8,2025-01-16 01:15:46,TEST,motouber,75
95e9ee,2025-01-16 01:18:03,TEST,motouber,COMP
767594,2025-01-16 01:18:11,TEST,motouber,75
a06989,2025-01-16 01:18:44,TEST,motouber,COMP
1c5ce6,2025-01-16 01:18:55,TEST,motouber,87
6dc743,2025-01-16 01:21:15,TEST,motouber,87
54e7ed,2025-01-16 01:21:37,TEST,motouber,87
82ab7e,2025-01-16 01:22:08,TEST,motouber,100
e80440,2025-01-16 01:24:05,TEST,motouber,100
8525c7,2025-01-16 01:25:16,TEST,motouber,100
8be178,2025-01-16 01:25:29,SELF,motouber,055
9d14eb,2025-01-16 01:25:29,PROG,motouber,100
2faada,2025-01-16 01:25:51,QUIT,,
63e8c4,2025-01-19 17:14:52,OPEN,,
4a10da,2025-01-19 17:16:39,TEST,tamagotchi,0
380312,2025-01-19 17:56:24,TEST,tamagotchi,0
58b544,2025-01-19 18:39:34,OPEN,,
c13815,2025-01-19 18:39:38,TEST,tamagotchi,0
e7a64e,2025-01-19 18:49:38,TEST,tamagotchi,COMP
38a605,2025-01-19 18:50:10,TEST,tamagotchi,COMP
a4d7d6,2025-01-19 18:50:57,TEST,tamagotchi,COMP
4ea183,2025-01-19 18:51:02,TEST,tamagotchi,COMP
ca6b3c,2025-01-19 18:52:36,TEST,tamagotchi,COMP
cd6207,2025-01-19 18:53:30,TEST,tamagotchi,COMP
c46fe6,2025-01-19 18:58:02,TEST,tamagotchi,COMP
a9aa69,2025-01-19 19:00:27,TEST,tamagotchi,COMP
20cc26,2025-01-19 19:00:57,TEST,tamagotchi,COMP
0ce592,2025-01-19 19:01:10,TEST,tamagotchi,COMP
11f9be,2025-01-19 19:01:30,TEST,tamagotchi,COMP
94c94e,2025-01-19 19:02:13,TEST,tamagotchi,COMP
6ee9f5,2025-01-19 19:02:46,TEST,tamagotchi,COMP
6e3771,2025-01-19 19:03:41,TEST,tamagotchi,COMP
75523b,2025-01-19 19:04:15,TEST,tamagotchi,COMP
8e3532,2025-01-19 19:04:22,TEST,tamagotchi,COMP
5609ff,2025-01-19 19:04:46,TEST,tamagotchi,COMP
f9d8d0,2025-01-19 19:05:47,TEST,tamagotchi,COMP
c60774,2025-01-19 19:05:55,TEST,tamagotchi,COMP
cb70de,2025-01-19 19:06:31,TEST,tamagotchi,COMP
7762db,2025-01-19 19:07:11,TEST,tamagotchi,COMP
927007,2025-01-19 19:08:07,TEST,tamagotchi,0
c0d587,2025-01-19 19:11:35,TEST,tamagotchi,COMP
8ca1e0,2025-01-19 19:14:20,TEST,tamagotchi,0
ca06a0,2025-01-19 19:15:42,TEST,tamagotchi,0
bdc1fe,2025-01-19 19:17:34,TEST,tamagotchi,0
fdcb60,2025-01-19 19:18:04,TEST,tamagotchi,10
48e2a6,2025-01-19 19:25:05,TEST,tamagotchi,COMP
b2edce,2025-01-19 19:25:26,TEST,tamagotchi,COMP
a18bd5,2025-01-19 19:25:38,TEST,tamagotchi,10
f193a9,2025-01-19 19:26:27,TEST,tamagotchi,10
d7277c,2025-01-19 19:28:11,TEST,tamagotchi,10
fb7f71,2025-01-19 19:28:29,TEST,tamagotchi,10
d35a62,2025-01-19 19:29:40,TEST,tamagotchi,20
519d87,2025-01-19 19:31:30,TEST,tamagotchi,20
b20ac4,2025-01-19 19:33:13,TEST,tamagotchi,30
05f0ce,2025-01-19 19:36:45,TEST,tamagotchi,30
9ffa70,2025-01-19 19:39:12,TEST,tamagotchi,30
d3ea39,2025-01-19 19:39:52,TEST,tamagotchi,60
b44372,2025-01-19 19:46:24,TEST,tamagotchi,80
7d2f99,2025-01-19 19:47:41,TEST,tamagotchi,100
cfbc74,2025-01-19 19:48:25,TEST,tamagotchi,100
f31bc5,2025-01-19 19:48:54,SELF,tamagotchi,055
afe5c8,2025-01-19 19:48:54,PROG,tamagotchi,100
5f61da,2025-01-19 19:49:11,QUIT,,
aa8c6f,2025-01-19 19:55:13,OPEN,,
19c007,2025-01-19 19:55:25,TEST,charger,0
b04370,2025-01-21 21:40:54,OPEN,,
a62f15,2025-01-21 21:40:59,TEST,animal,100
def6dd,2025-01-21 21:44:13,TEST,animal,100
f45271,2025-01-21 21:44:17,FREE,animal,
7b037b,2025-01-21 21:46:03,TEST,animal,25
35e1ee,2025-01-21 21:46:48,TEST,animal,25
0ccc1e,2025-01-21 21:47:16,TEST,animal,100
6b19e0,2025-01-21 21:47:46,TEST,animal,100
498e3c,2025-01-24 15:42:19,OPEN,,
89b269,2025-01-24 15:42:27,TEST,charger,0
51bbcd,2025-01-24 15:44:12,TEST,charger,COMP
e0fb1f,2025-01-24 15:46:03,TEST,charger,COMP
16c5aa,2025-01-24 15:46:12,TEST,charger,COMP
2a2d81,2025-01-24 15:46:44,TEST,charger,COMP
ebdfd2,2025-01-24 15:47:43,TEST,charger,0
a17502,2025-01-24 23:04:51,OPEN,,
cb1280,2025-01-24 23:04:55,TEST,charger,0
78bc86,2025-01-24 23:05:04,TEST,charger,COMP
ae739d,2025-01-24 23:06:10,TEST,charger,COMP
7fa60d,2025-01-24 23:06:49,TEST,charger,0
efd13d,2025-01-24 23:07:22,TEST,charger,0
1f19de,2025-01-24 23:07:48,TEST,charger,0
c26f28,2025-01-24 23:09:18,TEST,charger,COMP
6a2395,2025-01-24 23:09:27,TEST,charger,5
9f61e5,2025-01-24 23:10:37,TEST,charger,15
cfc1ab,2025-01-24 23:12:52,TEST,charger,15
4368f8,2025-01-24 23:13:31,TEST,charger,15
f0fb1c,2025-01-24 23:16:01,TEST,charger,5
001973,2025-01-24 23:17:29,TEST,charger,20
87bd05,2025-01-24 23:19:59,TEST,charger,20
28b311,2025-01-24 23:20:24,TEST,charger,20
1a78c4,2025-01-24 23:21:15,TEST,charger,20
e12381,2025-01-24 23:26:27,TEST,charger,40
6c0281,2025-01-24 23:27:44,TEST,charger,40
9c4f9b,2025-01-24 23:31:49,TEST,charger,COMP
0f07ee,2025-01-24 23:32:03,TEST,charger,45
416f13,2025-01-24 23:36:22,TEST,charger,COMP
d70f57,2025-01-24 23:37:13,TEST,charger,45
865650,2025-01-24 23:38:03,TEST,charger,45
bb47fe,2025-01-24 23:38:31,TEST,charger,50
f5c77a,2025-01-24 23:39:58,TEST,charger,55
2eda42,2025-01-24 23:46:03,FREE,charger,
a9af82,2025-01-24 23:46:33,FREE,charger,
1403b9,2025-01-24 23:47:02,FREE,charger,
8e10be,2025-01-24 23:50:13,TEST,charger,55
f1b478,2025-01-24 23:50:18,FREE,charger,
4de0dc,2025-01-24 23:52:35,TEST,charger,35
b7adc1,2025-01-24 23:55:01,TEST,charger,50
68edd3,2025-01-24 23:55:34,TEST,charger,55
9b09ff,2025-01-24 23:56:20,TEST,charger,50
2bc857,2025-01-24 23:58:59,TEST,charger,70
e090d4,2025-01-25 00:02:50,TEST,charger,COMP
c1769d,2025-01-25 00:03:50,TEST,charger,COMP
358a66,2025-01-25 00:04:01,TEST,charger,70
66078a,2025-01-25 00:05:59,TEST,charger,25
386214,2025-01-25 00:06:29,TEST,charger,70
d6929a,2025-01-25 00:06:51,TEST,charger,75
36a69a,2025-01-25 00:09:54,TEST,charger,85
cfe6f6,2025-01-25 00:12:31,TEST,charger,90
172e8f,2025-01-25 00:15:14,TEST,charger,100
15cf2a,2025-01-25 00:15:29,TEST,charger,100
e94412,2025-01-25 00:15:30,TEST,charger,100
0f0f26,2025-01-25 00:15:46,SELF,charger,055
e8ea36,2025-01-25 00:15:46,PROG,charger,100
5779f3,2025-01-25 00:16:01,QUIT,,
656f1b,2025-01-31 08:42:38,OPEN,,
0f3592,2025-01-31 08:43:22,DOWN,junkfood,
6c6002,2025-01-31 08:43:23,PICK,junkfood,
036441,2025-01-31 08:43:29,TEST,junkfood,0
ec04a3,2025-01-31 09:04:49,FAIL,junkfood,
77fe85,2025-01-31 09:05:48,FAIL,junkfood,
4f084e,2025-01-31 09:06:04,TEST,junkfood,0
327c2f,2025-01-31 09:21:37,TEST,junkfood,0
ab5d0f,2025-01-31 09:22:11,TEST,junkfood,0
d50768,2025-01-31 09:22:27,FAIL,junkfood,
9c1cf5,2025-01-31 09:22:38,FAIL,junkfood,
3ca155,2025-01-31 09:22:46,TEST,junkfood,0
b08445,2025-01-31 09:24:45,TEST,junkfood,0
53d785,2025-01-31 09:25:19,TEST,junkfood,0
bff114,2025-01-31 09:26:10,TEST,junkfood,0
0d32f9,2025-01-31 09:26:38,TEST,junkfood,0
cbc7bb,2025-01-31 09:26:50,TEST,junkfood,0
a23233,2025-01-31 09:29:06,TEST,junkfood,10
a00a0a,2025-01-31 09:32:19,TEST,junkfood,10
9e0896,2025-01-31 09:33:57,TEST,junkfood,10
f7ae52,2025-01-31 09:35:21,TEST,junkfood,10
168251,2025-01-31 09:35:46,TEST,junkfood,20
3ba41e,2025-01-31 09:37:08,FAIL,junkfood,
50f7a4,2025-01-31 09:37:26,TEST,junkfood,20
ec0d11,2025-01-31 09:39:55,TEST,junkfood,30
8d3d75,2025-01-31 09:43:26,FAIL,junkfood,
f9907a,2025-01-31 09:45:44,TEST,junkfood,40
d42775,2025-01-31 09:48:51,TEST,junkfood,40
970560,2025-01-31 09:49:16,TEST,junkfood,40
36d185,2025-01-31 09:49:30,FAIL,junkfood,
a4aa2c,2025-01-31 09:50:14,FAIL,junkfood,
27dcdb,2025-01-31 09:50:37,FAIL,junkfood,
7b9048,2025-01-31 09:51:23,TEST,junkfood,40
b53479,2025-01-31 09:51:36,TEST,junkfood,50
f9acf0,2025-01-31 09:54:32,TEST,junkfood,60
eadd69,2025-01-31 09:55:12,TEST,junkfood,70
876fde,2025-01-31 09:56:28,TEST,junkfood,80
4cee99,2025-01-31 09:57:33,TEST,junkfood,90
1bbc91,2025-01-31 09:59:05,TEST,junkfood,100
7d2342,2025-01-31 09:59:12,TEST,junkfood,100
9bc134,2025-01-31 09:59:13,BACK,junkfood,
6a8c8f,2025-01-31 09:59:16,QUIT,,
8baefc,2025-02-01 19:44:14,OPEN,,
fd2dd2,2025-02-01 19:44:28,SELF,junkfood,"{c:100,a:4,s:5}"
173d47,2025-02-01 19:46:15,SELF,junkfood,"{c:100,a:4,s:4}"
db5a9c,2025-02-01 19:47:24,DOWN,array,
e75b95,2025-02-01 19:47:33,DOWN,budega,
221675,2025-02-01 19:48:25,PICK,array,
904478,2025-02-01 19:48:31,BACK,array,
9b9bd9,2025-02-01 19:48:36,PICK,budega,
3cf26f,2025-02-01 19:49:30,TEST,budega,0
1e2157,2025-02-01 20:47:42,FAIL,budega,
827a14,2025-02-01 20:48:18,FAIL,budega,
9dcb0f,2025-02-01 20:48:36,FAIL,budega,
1b8db2,2025-02-01 20:49:02,FAIL,budega,
86c9f1,2025-02-01 20:49:16,TEST,budega,0
f52ba5,2025-02-01 20:49:38,TEST,budega,0
b3e3bd,2025-02-01 20:50:46,TEST,budega,0
c85910,2025-02-01 20:50:57,TEST,budega,0
16f8b7,2025-02-01 20:51:13,TEST,budega,0
057763,2025-02-01 20:51:43,TEST,budega,0
c98049,2025-02-01 20:51:59,TEST,budega,0
674394,2025-02-01 20:52:15,TEST,budega,0
9151e0,2025-02-01 20:52:30,TEST,budega,0
7f338f,2025-02-01 20:53:40,TEST,budega,0
99513c,2025-02-01 20:53:58,TEST,budega,0
a1ea90,2025-02-01 20:54:14,TEST,budega,0
80e274,2025-02-01 20:57:29,FAIL,budega,
b766bd,2025-02-01 20:58:02,FAIL,budega,
d5efea,2025-02-01 20:58:36,FAIL,budega,
d7fd0c,2025-02-01 20:59:57,FAIL,budega,
d6ffa0,2025-02-01 21:00:15,TEST,budega,0
980138,2025-02-01 21:00:31,TEST,budega,0
c6cddb,2025-02-01 21:01:17,TEST,budega,0
b9b383,2025-02-01 21:01:51,TEST,budega,0
d1f10e,2025-02-01 21:02:37,TEST,budega,0
206972,2025-02-01 21:05:18,TEST,budega,0
7e8862,2025-02-01 21:06:19,FAIL,budega,
591567,2025-02-01 21:06:43,TEST,budega,0
f06ff5,2025-02-01 21:08:59,TEST,budega,0
c15a0f,2025-02-01 21:09:18,FAIL,budega,
6a268b,2025-02-01 21:09:36,TEST,budega,0
29b78e,2025-02-01 21:10:09,TEST,budega,0
081701,2025-02-01 21:11:48,TEST,budega,10
1d1722,2025-02-01 21:13:13,TEST,budega,10
af680e,2025-02-01 21:13:57,TEST,budega,30
8589a0,2025-02-01 21:18:02,FAIL,budega,
66645e,2025-02-01 21:18:25,FAIL,budega,
9c361b,2025-02-01 21:26:53,FAIL,budega,
1fc368,2025-02-01 21:28:56,FAIL,budega,
809daf,2025-02-01 21:29:49,FAIL,budega,
251655,2025-02-01 21:31:12,OPEN,,
956d29,2025-02-01 21:31:17,PICK,budega,
c62458,2025-02-01 21:31:19,TEST,budega,10
3c46f6,2025-02-01 21:32:16,TEST,budega,10
233f10,2025-02-01 21:32:36,TEST,budega,30
f6f93e,2025-02-01 21:34:27,FAIL,budega,
882ed8,2025-02-01 21:35:18,FAIL,budega,
41aacc,2025-02-01 21:42:19,FAIL,budega,
34b08c,2025-02-01 21:42:38,TEST,budega,40
aec0cb,2025-02-01 22:52:38,FAIL,budega,
3945ea,2025-02-01 22:53:25,TEST,budega,40
f94387,2025-02-01 22:54:42,TEST,budega,40
47be5b,2025-02-01 22:55:10,TEST,budega,40
88285d,2025-02-01 22:55:42,TEST,budega,50
78c2c7,2025-02-01 22:58:46,OPEN,,
c0d61f,2025-02-01 22:58:49,PICK,budega,
5f3fcc,2025-02-01 22:58:51,TEST,budega,50
75a33b,2025-02-01 23:00:17,TEST,budega,60
8ae8f8,2025-02-01 23:01:54,TEST,budega,60
57993a,2025-02-01 23:02:43,TEST,budega,70
8216c1,2025-02-01 23:03:26,TEST,budega,60
67c18f,2025-02-01 23:03:36,TEST,budega,60
81ee4a,2025-02-01 23:04:13,TEST,budega,70
14dac2,2025-02-01 23:04:26,TEST,budega,90
aec834,2025-02-01 23:08:09,TEST,budega,90
bde8aa,2025-02-01 23:09:07,TEST,budega,90
8fdeb1,2025-02-01 23:09:29,TEST,budega,100
41a180,2025-02-01 23:09:39,TEST,budega,100
87b8fd,2025-02-01 23:09:42,BACK,budega,
1e7381,2025-02-01 23:10:03,QUIT,,
5054f7,2025-02-01 23:10:05,OPEN,,
f3cb96,2025-02-01 23:10:55,SELF,budega,"{c:100,a:4,s:3}"
c95c56,2025-02-01 23:11:00,QUIT,,
aa5f40,2025-02-06 08:28:18,OPEN,,
03157f,2025-02-06 08:28:29,DOWN,lapiseira,
136010,2025-02-06 08:28:30,DOWN,tabuleiro,
d35dbc,2025-02-06 08:28:32,DOWN,pula-pula,
a67ea5,2025-02-07 09:24:17,OPEN,,
ad84db,2025-02-07 09:24:30,DOWN,agiota,
5e7df7,2025-02-08 22:12:20,OPEN,,
ab45ec,2025-02-08 22:12:36,PICK,lapiseira,
c20f22,2025-02-08 22:12:36,TEST,lapiseira,7
6abf4d,2025-02-08 22:12:37,TEST,lapiseira,7
9e2620,2025-02-08 22:12:38,BACK,lapiseira,
05f2a7,2025-02-08 22:12:40,PICK,lapiseira,
b4cee8,2025-02-08 22:12:40,TEST,lapiseira,7
b90226,2025-02-08 22:12:41,BACK,lapiseira,
12a541,2025-02-08 22:12:46,PICK,lapiseira,
7359ac,2025-02-08 22:12:47,TEST,lapiseira,7
a0131e,2025-02-08 22:46:44,FAIL,lapiseira,
227f63,2025-02-08 22:51:00,TEST,lapiseira,7
ffd74c,2025-02-08 22:54:09,FAIL,lapiseira,
487a2e,2025-02-08 22:54:37,TEST,lapiseira,14
f29371,2025-02-08 22:56:25,TEST,lapiseira,14
7a032b,2025-02-08 22:57:12,TEST,lapiseira,14
5e7a24,2025-02-08 22:58:49,TEST,lapiseira,28
e77543,2025-02-08 22:59:44,TEST,lapiseira,35
723297,2025-02-08 23:13:18,TEST,lapiseira,35
443583,2025-02-08 23:13:39,FAIL,lapiseira,
e9d1e0,2025-02-08 23:13:44,FAIL,lapiseira,
3f9117,2025-02-08 23:13:53,TEST,lapiseira,35
b065a9,2025-02-26 13:45:51,OPEN,,
845427,2025-02-26 13:46:04,PICK,toalha,
461164,2025-02-26 13:46:08,BACK,toalha,
ff291a,2025-02-26 13:46:22,PICK,enxugar,
81c627,2025-02-26 13:46:23,TEST,enxugar,0
fbb4fe,2025-02-26 13:46:25,BACK,enxugar,
75a308,2025-02-26 13:46:42,PICK,enxugar,
92470c,2025-02-26 13:46:43,TEST,enxugar,0
41d153,2025-02-27 16:33:32,OPEN,,
3ac75b,2025-02-27 16:33:46,PICK,lapiseira,
2eec8f,2025-02-27 16:33:47,FAIL,lapiseira,
486de3,2025-02-27 16:34:12,TEST,lapiseira,35
75049e,2025-02-27 16:36:30,FAIL,lapiseira,
c098b1,2025-02-27 16:42:00,FAIL,lapiseira,
baf53a,2025-02-27 16:42:07,FAIL,lapiseira,
614764,2025-02-27 16:43:25,TEST,lapiseira,35
a635d5,2025-02-27 16:44:38,TEST,lapiseira,35
fe7e0e,2025-02-27 16:45:35,TEST,lapiseira,35
f4ea5d,2025-02-27 16:53:08,TEST,lapiseira,35
f956e7,2025-02-27 16:54:46,FAIL,lapiseira,
6d8a6d,2025-02-27 16:54:53,FAIL,lapiseira,
6db5c1,2025-02-27 16:55:01,FAIL,lapiseira,
8d7c15,2025-02-27 16:55:07,FAIL,lapiseira,
56ecb9,2025-02-27 16:55:11,FAIL,lapiseira,
ee9701,2025-02-27 16:55:28,TEST,lapiseira,35
d1c144,2025-02-27 16:58:13,TEST,lapiseira,35
32e528,2025-02-27 16:58:59,FAIL,lapiseira,
8597d5,2025-02-27 16:59:07,TEST,lapiseira,35
adee9c,2025-02-27 17:03:18,TEST,lapiseira,35
bb2bce,2025-02-27 17:03:37,FREE,lapiseira,
d59e72,2025-02-27 17:05:11,OPEN,,
4e6254,2025-02-27 17:05:33,PICK,carro,
f514db,2025-02-27 17:05:35,TEST,carro,100
e4ecb0,2025-02-27 20:01:43,OPEN,,
ac516a,2025-02-27 20:01:55,PICK,lapiseira,
0c6471,2025-02-27 20:01:57,TEST,lapiseira,35
f12bc2,2025-02-27 20:02:59,TEST,lapiseira,35
7f7dd5,2025-02-27 20:03:38,TEST,lapiseira,35
e20e79,2025-02-27 20:06:48,TEST,lapiseira,35
802c81,2025-02-27 20:21:01,TEST,lapiseira,35
03f25f,2025-02-27 20:23:49,TEST,lapiseira,35
e93caa,2025-02-27 20:26:51,TEST,lapiseira,35
b6eed4,2025-02-27 20:27:18,TEST,lapiseira,35
5f935c,2025-02-27 20:27:21,TEST,lapiseira,35
b44439,2025-02-27 20:27:47,TEST,lapiseira,35
90f4a0,2025-02-27 20:29:45,TEST,lapiseira,35
21adbf,2025-02-27 20:30:29,OPEN,,
8c1c0e,2025-02-27 20:30:33,PICK,lapiseira,
22fbf8,2025-02-27 20:30:34,TEST,lapiseira,35
b44c5b,2025-02-27 20:33:09,TEST,lapiseira,21
996d08,2025-02-27 20:33:22,TEST,lapiseira,21
3780e3,2025-02-27 20:34:24,TEST,lapiseira,21
97201a,2025-02-27 20:36:05,TEST,lapiseira,35
0d4935,2025-02-27 20:37:13,TEST,lapiseira,35
341012,2025-02-27 20:37:49,TEST,lapiseira,35
2af5c8,2025-02-27 20:38:06,TEST,lapiseira,35
0e5782,2025-02-27 20:38:12,TEST,lapiseira,35
138591,2025-02-27 20:38:18,TEST,lapiseira,42
46dc39,2025-02-27 20:39:24,TEST,lapiseira,42
99ca48,2025-02-27 20:39:38,TEST,lapiseira,50
93a63e,2025-02-27 20:41:11,TEST,lapiseira,50
9ff9ef,2025-02-27 20:43:00,FAIL,lapiseira,
026741,2025-02-27 20:43:23,TEST,lapiseira,50
9d2883,2025-02-27 20:48:56,FAIL,lapiseira,
2a0715,2025-02-27 20:49:10,TEST,lapiseira,50
1ce2ae,2025-02-27 20:50:09,TEST,lapiseira,50
35bf2a,2025-02-27 20:50:34,TEST,lapiseira,50
497888,2025-02-27 20:51:43,FAIL,lapiseira,
7c9709,2025-02-27 20:51:46,FAIL,lapiseira,
492e21,2025-02-27 20:51:50,TEST,lapiseira,50
656a17,2025-02-27 20:52:52,TEST,lapiseira,50
9c366c,2025-02-27 20:53:19,TEST,lapiseira,50
0f74af,2025-02-27 20:53:37,TEST,lapiseira,50
3606f8,2025-02-27 20:56:18,TEST,lapiseira,50
7ad43b,2025-02-27 20:56:35,TEST,lapiseira,7
2ef966,2025-02-27 20:56:53,TEST,lapiseira,50
5d3a4c,2025-02-27 20:57:07,TEST,lapiseira,7
261a7b,2025-02-27 20:57:30,TEST,lapiseira,21
556e4f,2025-02-27 20:57:45,TEST,lapiseira,50
ccaef7,2025-02-27 20:59:29,TEST,lapiseira,50
fde1ad,2025-02-27 21:00:07,TEST,lapiseira,21
8ce9ac,2025-02-27 21:00:40,TEST,lapiseira,50
3630e2,2025-02-27 21:00:59,FREE,lapiseira,
9f65f3,2025-02-27 21:05:34,OPEN,,
ed7870,2025-02-27 21:05:36,PICK,lapiseira,
ce670a,2025-02-27 21:05:46,FREE,lapiseira,
674f0c,2025-02-27 21:08:40,OPEN,,
0865ca,2025-02-27 21:08:41,PICK,lapiseira,
3952da,2025-02-27 21:08:43,TEST,lapiseira,50
1f2f3c,2025-02-27 21:09:33,FREE,lapiseira,
08cd10,2025-02-27 21:14:10,TEST,lapiseira,50
384360,2025-02-27 21:15:59,TEST,lapiseira,50
803c1d,2025-02-27 21:16:34,FAIL,lapiseira,
6607bf,2025-02-27 21:16:59,TEST,lapiseira,7
644b36,2025-02-27 21:17:11,FREE,lapiseira,
cc9a36,2025-02-27 21:20:33,TEST,lapiseira,7
80fe48,2025-02-27 21:20:46,TEST,lapiseira,57
44203e,2025-02-27 21:21:12,TEST,lapiseira,100
a6c273,2025-02-27 21:21:26,TEST,lapiseira,100
4ded0b,2025-02-27 21:21:34,BACK,lapiseira,
8c5ea4,2025-02-27 21:22:02,SELF,lapiseira,"{c:100,a:4,s:4}"
db7979,2025-02-27 21:22:13,QUIT,,
045bb2,2025-02-27 21:24:02,OPEN,,
2d6d20,2025-02-27 21:24:07,PICK,toalha,
168717,2025-02-27 21:57:02,BACK,toalha,
681dc9,2025-02-27 21:57:12,SELF,toalha,"{c:100,a:5,s:5}"
489248,2025-02-27 22:18:06,PICK,tabuleiro,
2e2b47,2025-02-27 22:18:07,TEST,tabuleiro,0
d0456f,2025-02-27 22:18:12,BACK,tabuleiro,
8f1a20,2025-02-27 23:10:03,PICK,tabuleiro,
ba4c13,2025-02-27 23:10:04,FAIL,tabuleiro,
1ed642,2025-02-27 23:10:28,TEST,tabuleiro,0
a2b8f5,2025-02-27 23:22:44,FAIL,tabuleiro,
e069d8,2025-02-27 23:23:03,TEST,tabuleiro,0
b55d8a,2025-02-27 23:23:14,TEST,tabuleiro,0
468cac,2025-02-27 23:23:38,TEST,tabuleiro,0
8eb7b2,2025-02-27 23:26:25,FAIL,tabuleiro,
e56a65,2025-02-27 23:27:05,FAIL,tabuleiro,
47bba3,2025-02-27 23:31:11,TEST,tabuleiro,0
c3cff7,2025-02-27 23:33:32,TEST,tabuleiro,0
52d62f,2025-02-27 23:33:45,TEST,tabuleiro,0
6702cd,2025-02-27 23:35:09,TEST,tabuleiro,0
ef18a8,2025-02-27 23:36:09,TEST,tabuleiro,0
2dab5d,2025-02-27 23:42:05,TEST,tabuleiro,0
921a01,2025-02-27 23:43:09,FAIL,tabuleiro,
f84cac,2025-02-27 23:43:15,TEST,tabuleiro,0
dbac81,2025-02-27 23:44:08,TEST,tabuleiro,0
d828f4,2025-02-27 23:44:47,TEST,tabuleiro,0
eebffb,2025-02-27 23:50:20,TEST,tabuleiro,10
2ba14c,2025-02-27 23:55:04,FAIL,tabuleiro,
4e6fea,2025-02-27 23:55:21,TEST,tabuleiro,10
4b5659,2025-02-27 23:55:32,TEST,tabuleiro,20
d10c42,2025-02-27 23:58:00,FAIL,tabuleiro,
9d6e18,2025-02-27 23:58:12,TEST,tabuleiro,20
937c44,2025-02-28 00:01:07,TEST,tabuleiro,40
4c9903,2025-02-28 00:03:46,TEST,tabuleiro,50
28beb6,2025-02-28 00:04:35,TEST,tabuleiro,60
d8d259,2025-02-28 00:04:50,TEST,tabuleiro,70
f2ee9f,2025-02-28 00:06:03,TEST,tabuleiro,70
1752cc,2025-02-28 00:06:39,TEST,tabuleiro,80
041f6b,2025-02-28 00:07:28,TEST,tabuleiro,80
7f0c39,2025-02-28 00:08:07,FREE,tabuleiro,
762171,2025-02-28 00:09:22,TEST,tabuleiro,90
c3d41c,2025-02-28 00:18:08,OPEN,,
6fd49b,2025-02-28 00:18:11,PICK,tabuleiro,
93dfb7,2025-02-28 00:18:12,TEST,tabuleiro,90
25c49b,2025-02-28 00:20:32,TEST,tabuleiro,90
e7a742,2025-02-28 00:21:44,TEST,tabuleiro,100
fb2e95,2025-02-28 00:21:51,BACK,tabuleiro,
034f95,2025-02-28 00:22:05,SELF,tabuleiro,"{c:100,a:5,s:3}"
c8c618,2025-02-28 00:23:05,PICK,enxugar,
996b40,2025-02-28 00:23:06,TEST,enxugar,0
fe8e7a,2025-02-28 00:23:54,TEST,enxugar,0
71f462,2025-02-28 00:24:06,BACK,enxugar,
1a7ede,2025-02-28 00:24:09,PICK,enxugar,
9aa958,2025-02-28 00:38:00,FAIL,enxugar,
41f077,2025-02-28 00:38:08,FAIL,enxugar,
c48846,2025-02-28 00:38:14,BACK,enxugar,
209514,2025-02-28 00:38:17,PICK,enxugar,
19e011,2025-02-28 00:38:18,FAIL,enxugar,
dbddc2,2025-02-28 00:45:25,FAIL,enxugar,
e74f30,2025-02-28 00:46:19,TEST,enxugar,0
e5a264,2025-02-28 00:46:47,FAIL,enxugar,
351747,2025-02-28 00:47:59,FAIL,enxugar,
0fa2c1,2025-02-28 00:48:18,TEST,enxugar,0
30ca1a,2025-02-28 00:48:48,TEST,enxugar,20
0af274,2025-02-28 00:49:37,TEST,enxugar,50
b199d1,2025-02-28 00:50:44,TEST,enxugar,50
0ea32e,2025-02-28 00:50:55,TEST,enxugar,70
9e4db1,2025-02-28 00:51:27,TEST,enxugar,90
a77564,2025-02-28 00:51:48,TEST,enxugar,100
faaee0,2025-02-28 00:51:57,TEST,enxugar,100
bc4f02,2025-02-28 00:51:59,TEST,enxugar,100
a13a9d,2025-02-28 00:52:02,BACK,enxugar,
556dce,2025-02-28 00:52:14,SELF,enxugar,"{c:100,a:5,s:5}"
87591a,2025-02-28 00:52:21,QUIT,,
32f522,2025-03-01 00:12:16,OPEN,,
059eaa,2025-03-01 00:12:18,PICK,carro,
2101ca,2025-03-01 00:12:19,TEST,carro,100
6e78a2,2025-03-01 00:14:17,FAIL,carro,
9d0d2a,2025-03-01 00:16:56,FAIL,carro,
030865,2025-03-01 00:22:25,FAIL,carro,
6774b7,2025-03-01 00:22:40,FAIL,carro,
d00079,2025-03-01 00:26:38,BACK,carro,
949dd0,2025-03-01 00:26:42,PICK,carro,
b3baf6,2025-03-01 00:26:45,FAIL,carro,
da2c60,2025-03-01 00:27:59,TEST,carro,0
d79785,2025-03-01 00:28:43,TEST,carro,0
60c276,2025-03-01 00:29:01,TEST,carro,30
329240,2025-03-01 00:32:37,TEST,carro,100
a1f974,2025-03-02 22:07:02,OPEN,,
53caf3,2025-03-02 22:07:54,DOWN,camisa,
fe69d7,2025-03-02 22:07:56,PICK,camisa,
71e43c,2025-03-02 22:22:28,FAIL,camisa,
4441fd,2025-03-02 22:22:49,FAIL,camisa,
33a8b9,2025-03-02 22:22:57,FAIL,camisa,
f8c875,2025-03-02 22:24:08,BACK,camisa,
350fde,2025-03-02 22:24:17,SELF,camisa,"{c:100,a:5,s:5}"
0c056f,2025-03-02 22:28:12,DOWN,chinela,
1c1071,2025-03-02 22:30:08,PICK,pula-pula,
f2cc29,2025-03-02 22:30:09,TEST,pula-pula,0
37708c,2025-03-02 22:30:13,BACK,pula-pula,
589350,2025-03-02 22:30:16,PICK,pula-pula,
ea92e5,2025-03-02 22:30:17,TEST,pula-pula,0
ec6701,2025-03-02 22:30:21,BACK,pula-pula,
88f358,2025-03-02 22:45:09,PICK,pula-pula,
f116c7,2025-03-02 22:45:10,FAIL,pula-pula,
fb57b8,2025-03-02 22:45:45,TEST,pula-pula,0
bdd308,2025-03-02 22:49:14,TEST,pula-pula,0
5a70f4,2025-03-02 22:49:40,TEST,pula-pula,0
4127f6,2025-03-02 22:50:51,TEST,pula-pula,0
ea0ce7,2025-03-02 22:51:15,TEST,pula-pula,0
bc733c,2025-03-02 22:51:25,TEST,pula-pula,10
ac1da8,2025-03-02 22:56:49,TEST,pula-pula,0
278aa4,2025-03-02 22:57:57,TEST,pula-pula,20
e06f28,2025-03-02 23:01:27,TEST,pula-pula,20
3773a7,2025-03-02 23:14:10,FAIL,pula-pula,
8e33bf,2025-03-02 23:16:02,TEST,pula-pula,60
e053d2,2025-03-02 23:32:49,TEST,pula-pula,60
89e02d,2025-03-02 23:33:25,TEST,pula-pula,60
4404cd,2025-03-02 23:34:07,TEST,pula-pula,70
9b9a60,2025-03-02 23:38:13,TEST,pula-pula,90
d37c32,2025-03-02 23:39:50,TEST,pula-pula,90
b28bf2,2025-03-02 23:40:02,TEST,pula-pula,90
c07de6,2025-03-02 23:40:20,TEST,pula-pula,90
afefe6,2025-03-02 23:41:17,TEST,pula-pula,100
ea5d09,2025-03-03 00:27:12,TEST,pula-pula,100
b790b3,2025-03-03 00:27:32,TEST,pula-pula,100
db8685,2025-03-03 00:27:43,BACK,pula-pula,
150e7e,2025-03-03 00:27:51,SELF,pula-pula,"{c:100,a:4,s:5}"
fb3580,2025-03-03 00:34:54,PICK,lapiseira,
baa97b,2025-03-03 00:40:32,FAIL,lapiseira,
ae7bf1,2025-03-03 00:41:57,FAIL,lapiseira,
4e4ac9,2025-03-03 00:52:30,FAIL,lapiseira,
754c72,2025-03-03 00:53:49,FAIL,lapiseira,
bd5b88,2025-03-03 00:54:55,FAIL,lapiseira,
c03d5c,2025-03-03 01:02:47,FAIL,lapiseira,
c02826,2025-03-03 01:05:32,TEST,lapiseira,100
07c0ce,2025-03-03 01:05:44,BACK,lapiseira,
726742,2025-03-03 01:05:50,SELF,lapiseira,"{c:100,a:4,s:5}"
6acbce,2025-03-03 01:05:54,QUIT,,
d14ff8,2025-03-03 01:15:58,OPEN,,
3500e6,2025-03-03 01:18:38,PICK,junkfood,
fc0e8a,2025-03-03 01:18:39,TEST,junkfood,100
994223,2025-03-03 01:24:38,BACK,junkfood,
ae4acf,2025-03-03 01:24:53,OPEN,,
5b0453,2025-03-03 01:24:53,QUIT,,
8d0800,2025-03-03 01:24:55,OPEN,,
7e7b64,2025-03-03 01:24:59,PICK,junkfood,
ec9efe,2025-03-03 01:25:04,BACK,junkfood,
6f99c7,2025-03-03 01:29:11,PICK,junkfood,
c2986c,2025-03-03 01:29:12,TEST,junkfood,100
dac661,2025-03-03 01:29:14,BACK,junkfood,
8abc56,2025-03-03 01:29:16,DOWN,cinema,
c366b2,2025-03-03 01:29:20,PICK,cinema,
e33f29,2025-03-03 01:29:22,TEST,cinema,0
f8562b,2025-03-03 01:41:53,TEST,cinema,0
ebaaf4,2025-03-03 01:44:26,TEST,cinema,0
04ea77,2025-03-03 01:46:25,TEST,cinema,0
143614,2025-03-03 01:47:17,TEST,cinema,11
cae39e,2025-03-03 01:48:51,TEST,cinema,33
a589f8,2025-03-03 01:49:38,FAIL,cinema,
a72adf,2025-03-03 01:49:45,TEST,cinema,0
befa89,2025-03-03 01:50:02,TEST,cinema,33
bbfd15,2025-03-03 01:55:07,FAIL,cinema,
e5f4fd,2025-03-03 01:55:53,TEST,cinema,33
e0d838,2025-03-03 01:57:26,TEST,cinema,33
e682b7,2025-03-03 01:58:17,TEST,cinema,44
4208ed,2025-03-03 01:59:33,TEST,cinema,44
273e45,2025-03-03 01:59:45,TEST,cinema,44
2ce0da,2025-03-03 01:59:59,TEST,cinema,44
3a5ca9,2025-03-03 02:00:15,TEST,cinema,55
77adfc,2025-03-03 02:05:50,TEST,cinema,33
0f120f,2025-03-03 02:06:34,TEST,cinema,66
4ded58,2025-03-03 02:08:38,TEST,cinema,66
b9c183,2025-03-03 02:08:51,TEST,cinema,77
379c24,2025-03-03 02:11:31,TEST,cinema,66
6005b8,2025-03-03 02:15:41,TEST,cinema,55
0de7d6,2025-03-03 02:18:29,TEST,cinema,33
f5cf08,2025-03-03 02:19:05,TEST,cinema,33
98d31a,2025-03-03 02:19:40,FAIL,cinema,
af8c45,2025-03-03 02:20:13,FAIL,cinema,
b7b459,2025-03-03 02:20:37,TEST,cinema,55
37d83b,2025-03-03 02:22:09,TEST,cinema,66
1076e6,2025-03-03 02:22:33,TEST,cinema,77
b7467b,2025-03-03 02:28:38,FAIL,cinema,
cbc458,2025-03-03 02:30:54,TEST,cinema,77
fec373,2025-03-03 02:31:45,FREE,cinema,
578223,2025-03-03 02:35:21,TEST,cinema,77
ed4c73,2025-03-03 02:36:13,TEST,cinema,77
eeb444,2025-03-03 02:36:35,FAIL,cinema,
577f78,2025-03-03 02:36:55,TEST,cinema,77
898be6,2025-03-03 02:40:30,FAIL,cinema,
a71798,2025-03-03 02:40:41,TEST,cinema,77
d27753,2025-03-03 02:42:05,TEST,cinema,88
d4b723,2025-03-03 02:42:45,TEST,cinema,100
8021e2,2025-03-03 02:42:55,TEST,cinema,100
51c21e,2025-03-03 02:42:56,BACK,cinema,
8e4cb3,2025-03-03 02:43:04,SELF,cinema,"{c:100,a:4,s:4}"
f386b2,2025-03-03 02:43:11,PICK,cinema,
fc0a1f,2025-03-03 02:43:13,TEST,cinema,100
104a75,2025-03-03 02:43:14,BACK,cinema,
d102f7,2025-03-03 02:43:21,SELF,cinema,"{c:100,a:4,s:5}"
5d7baf,2025-03-03 02:43:54,QUIT,,
b9fb1e,2025-03-03 14:25:14,OPEN,,
76069f,2025-03-03 14:25:24,PICK,calculadora,
14e397,2025-03-03 14:25:24,TEST,calculadora,100
8ebdb6,2025-03-03 14:25:27,BACK,calculadora,
c5c6f4,2025-03-07 01:22:06,OPEN,,
9dfc17,2025-03-07 01:22:24,PICK,charger,
8d5458,2025-03-07 01:22:25,TEST,charger,100
27a019,2025-03-07 01:22:34,BACK,charger,
f81834,2025-03-07 01:23:45,SELF,relogio,"{c:100,a:3,s:5}"
4380a7,2025-03-08 14:42:55,OPEN,,
7f8545,2025-03-08 14:43:14,PICK,junkfood,
dd2080,2025-03-08 14:43:15,TEST,junkfood,100
8cf1f2,2025-03-08 14:43:40,TEST,junkfood,100
de49fa,2025-03-08 14:43:43,BACK,junkfood,
c34a73,2025-03-08 14:44:34,DOWN,porquinho,
e9aa42,2025-03-08 14:44:36,DOWN,tarifas,
53fc15,2025-03-08 14:44:43,PICK,porquinho,
472fbb,2025-03-08 15:32:37,FAIL,porquinho,
5e2fa6,2025-03-08 15:33:41,TEST,porquinho,0
193339,2025-03-08 15:38:09,TEST,porquinho,0
cc703b,2025-03-08 15:40:51,TEST,porquinho,0
187614,2025-03-08 15:42:54,FAIL,porquinho,
cd36f0,2025-03-08 15:43:04,TEST,porquinho,0
bdc892,2025-03-08 15:46:02,FAIL,porquinho,
70135e,2025-03-08 15:46:18,TEST,porquinho,0
20cd83,2025-03-08 15:46:46,TEST,porquinho,0
4a189f,2025-03-08 15:47:58,TEST,porquinho,0
2c33b1,2025-03-08 15:50:01,TEST,porquinho,0
736d87,2025-03-08 15:50:25,TEST,porquinho,0
0ef09b,2025-03-08 15:51:10,TEST,porquinho,10
f940f6,2025-03-08 16:00:36,FAIL,porquinho,
dd1e28,2025-03-08 16:00:58,FAIL,porquinho,
0d9dd6,2025-03-08 16:01:26,FAIL,porquinho,
58f2de,2025-03-08 16:01:46,FAIL,porquinho,
6c0f1d,2025-03-08 16:05:07,FAIL,porquinho,
224cca,2025-03-08 16:05:41,TEST,porquinho,10
cd806a,2025-03-08 16:06:41,TEST,porquinho,10
181bf4,2025-03-08 16:20:11,TEST,porquinho,10
da65e3,2025-03-08 16:20:39,TEST,porquinho,10
31b738,2025-03-08 16:22:24,TEST,porquinho,10
9be409,2025-03-08 16:22:52,TEST,porquinho,20
bfc166,2025-03-08 16:24:31,FAIL,porquinho,
888b47,2025-03-08 16:24:41,TEST,porquinho,20
77162c,2025-03-08 16:25:51,TEST,porquinho,20
1328ad,2025-03-08 16:26:57,TEST,porquinho,30
63b604,2025-03-08 16:30:48,BACK,porquinho,
9bba78,2025-03-08 16:30:54,PICK,porquinho,
afabc2,2025-03-08 16:31:10,OPEN,,
a7900a,2025-03-08 16:31:44,PICK,porquinho,
372c95,2025-03-08 16:36:29,TEST,porquinho,30
56efaf,2025-03-08 16:42:51,TEST,porquinho,30
04202e,2025-03-08 16:43:09,TEST,porquinho,30
a1e866,2025-03-08 16:44:06,TEST,porquinho,40
0f15fe,2025-03-08 16:44:38,TEST,porquinho,40
699f07,2025-03-08 16:45:42,TEST,porquinho,50
d42bf2,2025-03-08 16:48:10,TEST,porquinho,30
dc4aa9,2025-03-08 16:48:54,TEST,porquinho,50
5ccd47,2025-03-08 16:53:46,FAIL,porquinho,
a46a9c,2025-03-08 16:54:07,TEST,porquinho,50
6f4e9d,2025-03-08 16:55:51,TEST,porquinho,50
b67954,2025-03-08 16:56:24,FAIL,porquinho,
5c062c,2025-03-08 16:57:04,TEST,porquinho,50
12182a,2025-03-08 16:58:19,TEST,porquinho,50
238c1d,2025-03-08 16:59:04,TEST,porquinho,50
920075,2025-03-08 18:04:50,TEST,porquinho,50
f7808c,2025-03-08 18:05:41,TEST,porquinho,50
2896d6,2025-03-08 18:07:00,TEST,porquinho,50
27c471,2025-03-08 18:07:55,TEST,porquinho,50
1b97a0,2025-03-08 18:08:33,TEST,porquinho,50
aaa9aa,2025-03-08 18:09:00,TEST,porquinho,50
981116,2025-03-08 18:09:13,TEST,porquinho,60
f7bb6b,2025-03-08 18:13:42,TEST,porquinho,70
17b5bf,2025-03-08 18:14:09,TEST,porquinho,70
899a96,2025-03-08 18:14:24,TEST,porquinho,80
6a0cf9,2025-03-08 18:21:13,TEST,porquinho,70
84975a,2025-03-08 18:21:30,TEST,porquinho,80
90c2be,2025-03-08 18:22:20,TEST,porquinho,80
afcc49,2025-03-08 18:28:24,TEST,porquinho,80
45dcdd,2025-03-08 18:32:18,TEST,porquinho,90
025dbc,2025-03-08 18:33:20,TEST,porquinho,100
38f341,2025-03-08 18:33:36,TEST,porquinho,100
51d40d,2025-03-08 18:33:37,BACK,porquinho,
149d1d,2025-03-08 18:33:46,SELF,porquinho,"{c:100,a:4,s:5}"
41242f,2025-03-08 18:34:15,QUIT,,
13a77d,2025-03-09 01:09:59,OPEN,,
27f58e,2025-03-09 01:10:04,PICK,notebook,
b6c2ff,2025-03-09 01:10:05,FAIL,notebook,
a702ff,2025-03-09 01:10:08,FAIL,notebook,
ac85de,2025-03-09 01:10:09,BACK,notebook,
f50d67,2025-03-09 01:10:11,PICK,charger,
e94846,2025-03-09 01:10:12,TEST,charger,100
98396a,2025-03-10 00:44:43,OPEN,,
ca4264,2025-03-10 01:40:57,OPEN,,
e88edd,2025-03-10 01:41:04,PICK,tarifas,
6475e3,2025-03-10 01:41:05,TEST,tarifas,0
c1b945,2025-03-10 01:54:28,OPEN,,
dbd93e,2025-03-10 01:54:30,PICK,tarifas,
a158ff,2025-03-10 01:54:30,TEST,tarifas,0
9d8a0d,2025-03-10 01:55:10,TEST,tarifas,0
5736e6,2025-03-10 01:56:50,TEST,tarifas,0
9a3735,2025-03-10 02:04:15,FAIL,tarifas,
494f71,2025-03-10 02:07:36,FAIL,tarifas,
92ffaf,2025-03-10 02:07:57,FAIL,tarifas,
c975b0,2025-03-10 02:08:15,TEST,tarifas,0
b7d57d,2025-03-10 02:08:40,TEST,tarifas,7
3dd1fa,2025-03-10 02:22:11,FAIL,tarifas,
be8b1d,2025-03-10 02:28:20,FAIL,tarifas,
ac535e,2025-03-10 02:28:53,FAIL,tarifas,
759527,2025-03-10 02:34:24,TEST,tarifas,7
6cf453,2025-03-10 02:36:09,TEST,tarifas,7
e7abf2,2025-03-10 02:36:44,TEST,tarifas,15
08394c,2025-03-10 02:38:17,TEST,tarifas,23
736faa,2025-03-10 02:38:53,TEST,tarifas,23
a09a11,2025-03-10 02:45:52,TEST,tarifas,7
e65f4c,2025-03-10 02:46:10,TEST,tarifas,23
cd9d78,2025-03-10 02:48:23,TEST,tarifas,30
46cafb,2025-03-12 15:40:59,OPEN,,
d54b96,2025-03-12 15:41:14,PICK,charger,
e55d9a,2025-03-12 15:41:16,TEST,charger,100
ab47a1,2025-03-12 15:42:11,TEST,charger,100
7bbfe5,2025-03-12 15:42:16,TEST,charger,85
dca57f,2025-03-12 15:45:56,TEST,charger,95
78d90e,2025-03-12 15:47:47,FAIL,charger,
c3602c,2025-03-12 15:48:32,TEST,charger,95
1a22a1,2025-03-12 15:50:23,TEST,charger,95
6d434d,2025-03-12 15:50:39,TEST,charger,100
26f6c2,2025-03-12 15:51:29,TEST,charger,100
1ef9a3,2025-03-12 15:51:36,TEST,charger,100
0d62ff,2025-03-12 15:51:37,BACK,charger,
